Workbook

Sheet R8.有給一覧
A1: 令和8年度 有給休暇管理一覧表（最終確定版） | J1: 基準日(本日): | K1: =TODAY() -> 46189
A3: No | B3: 氏名 | C3: 入社日 | D3: 次回付与日(起算日) | E3: 繰越有給の失効日 | F3: 消滅予定日数 | G3: 現在保有日数(最大40日) | H3: 今年使用日数(1/1-12/31) | I3: 5日義務進捗 | J3: 備考
A4: No.1 | B4: 有田 | C4: =有田!B3 -> 40680 | D4: =IF(EDATE(C4,6)>$K$1, EDATE(C4,6), IF(DATE(YEAR($K$1),MONTH(EDATE(C4,6)),DAY(EDATE(C4,6)))<=$K$1, DATE(YEAR($K$1)+1,MONTH(EDATE(C4,6)),DAY(EDATE(C4,6))), DATE(YEAR($K$1),MONTH(EDATE(C4,6)),DAY(EDATE(C4,6))))) -> 46343 | E4: =有田!P6 -> 46342 | F4: =MAX(0,有田!P8-有田!P29) -> 15 | G4: =MIN(40, SUMIFS(有田!$C$30:$R$30, 有田!$C$32:$R$32, ">="&$K$1, 有田!$C$31:$R$31, "<="&$K$1)) -> 40 | H4: =COUNTIFS(有田!$C$9:$R$28,">=2026/1/1",有田!$C$9:$R$28,"<=2026/12/31") -> 5 | I4: =IF(H4>=5,"完了","あと"&(5-H4)&"日") -> 完了
A5: No.2 | B5: 中原裟也茄 | C5: =中原裟也茄!B3 -> 43837 | D5: =IF(EDATE(C5,6)>$K$1, EDATE(C5,6), IF(DATE(YEAR($K$1),MONTH(EDATE(C5,6)),DAY(EDATE(C5,6)))<=$K$1, DATE(YEAR($K$1)+1,MONTH(EDATE(C5,6)),DAY(EDATE(C5,6))), DATE(YEAR($K$1),MONTH(EDATE(C5,6)),DAY(EDATE(C5,6))))) -> 46210 | E5: =中原裟也茄!G6 -> 46209 | F5: =MAX(0,中原裟也茄!G8-中原裟也茄!G29) -> 8 | G5: =MIN(40, SUMIFS(中原裟也茄!$C$30:$R$30, 中原裟也茄!$C$32:$R$32, ">="&$K$1, 中原裟也茄!$C$31:$R$31, "<="&$K$1)) -> 40 | H5: =COUNTIFS(中原裟也茄!$C$9:$R$28,">=2026/1/1",中原裟也茄!$C$9:$R$28,"<=2026/12/31") -> 6 | I5: =IF(H5>=5,"完了","あと"&(5-H5)&"日") -> 完了
A6: No.3 | B6: 山田 一光 | C6: ='山田 一光'!B3 -> 44256 | D6: =IF(EDATE(C6,6)>$K$1, EDATE(C6,6), IF(DATE(YEAR($K$1),MONTH(EDATE(C6,6)),DAY(EDATE(C6,6)))<=$K$1, DATE(YEAR($K$1)+1,MONTH(EDATE(C6,6)),DAY(EDATE(C6,6))), DATE(YEAR($K$1),MONTH(EDATE(C6,6)),DAY(EDATE(C6,6))))) -> 46266 | E6: ='山田 一光'!F6 -> 46265 | F6: =MAX(0,'山田 一光'!F8-'山田 一光'!F29) -> 14 | G6: =MIN(40, SUMIFS('山田 一光'!$C$30:$R$30, '山田 一光'!$C$32:$R$32, ">="&$K$1, '山田 一光'!$C$31:$R$31, "<="&$K$1)) -> 40 | H6: =COUNTIFS('山田 一光'!$C$9:$R$28,">=2026/1/1",'山田 一光'!$C$9:$R$28,"<=2026/12/31") -> 0 | I6: =IF(H6>=5,"完了","あと"&(5-H6)&"日") -> あと5日 | J6: 令和8年3月末退職
A7: No.4 | B7: アルフィアン | C7: =アルフィアン!B3 -> 45091 | D7: =IF(EDATE(C7,6)>$K$1, EDATE(C7,6), IF(DATE(YEAR($K$1),MONTH(EDATE(C7,6)),DAY(EDATE(C7,6)))<=$K$1, DATE(YEAR($K$1)+1,MONTH(EDATE(C7,6)),DAY(EDATE(C7,6))), DATE(YEAR($K$1),MONTH(EDATE(C7,6)),DAY(EDATE(C7,6))))) -> 46370 | E7: =アルフィアン!D6 -> 46369 | F7: =MAX(0,アルフィアン!D8-アルフィアン!D29) -> 0 | G7: =MIN(40, SUMIFS(アルフィアン!$C$30:$R$30, アルフィアン!$C$32:$R$32, ">="&$K$1, アルフィアン!$C$31:$R$31, "<="&$K$1)) -> 3 | H7: =COUNTIFS(アルフィアン!$C$9:$R$28,">=2026/1/1",アルフィアン!$C$9:$R$28,"<=2026/12/31") -> 18 | I7: =IF(H7>=5,"完了","あと"&(5-H7)&"日") -> 完了
A8: No.5 | B8: ディマス | C8: =ディマス!B3 -> 45748 | D8: =IF(EDATE(C8,6)>$K$1, EDATE(C8,6), IF(DATE(YEAR($K$1),MONTH(EDATE(C8,6)),DAY(EDATE(C8,6)))<=$K$1, DATE(YEAR($K$1)+1,MONTH(EDATE(C8,6)),DAY(EDATE(C8,6))), DATE(YEAR($K$1),MONTH(EDATE(C8,6)),DAY(EDATE(C8,6))))) -> 46296 | E8: =ディマス!C6 -> 46660 | F8: =MAX(0,ディマス!C8-ディマス!C29) -> 8 | G8: =MIN(40, SUMIFS(ディマス!$C$30:$R$30, ディマス!$C$32:$R$32, ">="&$K$1, ディマス!$C$31:$R$31, "<="&$K$1)) -> 8 | H8: =COUNTIFS(ディマス!$C$9:$R$28,">=2026/1/1",ディマス!$C$9:$R$28,"<=2026/12/31") -> 2 | I8: =IF(H8>=5,"完了","あと"&(5-H8)&"日") -> あと3日
A9: No.6 | B9: ヨザ | C9: =ヨザ!B3 -> 45091 | D9: =IF(EDATE(C9,6)>$K$1, EDATE(C9,6), IF(DATE(YEAR($K$1),MONTH(EDATE(C9,6)),DAY(EDATE(C9,6)))<=$K$1, DATE(YEAR($K$1)+1,MONTH(EDATE(C9,6)),DAY(EDATE(C9,6))), DATE(YEAR($K$1),MONTH(EDATE(C9,6)),DAY(EDATE(C9,6))))) -> 46370 | E9: =ヨザ!D6 -> 46369 | F9: =MAX(0,ヨザ!D30-ヨザ!D8) -> 0 | G9: =MIN(40, SUMIFS(ヨザ!$C$30:$R$30, ヨザ!$C$32:$R$32, ">="&$K$1, ヨザ!$C$31:$R$31, "<="&$K$1)) -> 12 | H9: =COUNTIFS(ヨザ!$C$9:$R$28,">=2026/1/1",ヨザ!$C$9:$R$28,"<=2026/12/31") -> 12 | I9: =IF(H9>=5,"完了","あと"&(5-H9)&"日") -> 完了
A10: No.7 | B10: リズキ | C10: =リズキ!B3 -> 45748 | D10: =IF(EDATE(C10,6)>$K$1, EDATE(C10,6), IF(DATE(YEAR($K$1),MONTH(EDATE(C10,6)),DAY(EDATE(C10,6)))<=$K$1, DATE(YEAR($K$1)+1,MONTH(EDATE(C10,6)),DAY(EDATE(C10,6))), DATE(YEAR($K$1),MONTH(EDATE(C10,6)),DAY(EDATE(C10,6))))) -> 46296 | E10: =リズキ!C6 -> 46660 | F10: =MAX(0,リズキ!C8-リズキ!C29) -> 8 | G10: =MIN(40, SUMIFS(リズキ!$C$30:$R$30, リズキ!$C$32:$R$32, ">="&$K$1, リズキ!$C$31:$R$31, "<="&$K$1)) -> 8 | H10: =COUNTIFS(リズキ!$C$9:$R$28,">=2026/1/1",リズキ!$C$9:$R$28,"<=2026/12/31") -> 2 | I10: =IF(H10>=5,"完了","あと"&(5-H10)&"日") -> あと3日
A11: No.8 | B11: 山田 | C11: =山田!B3 -> 43815 | D11: =IF(EDATE(C11,6)>$K$1, EDATE(C11,6), IF(DATE(YEAR($K$1),MONTH(EDATE(C11,6)),DAY(EDATE(C11,6)))<=$K$1, DATE(YEAR($K$1)+1,MONTH(EDATE(C11,6)),DAY(EDATE(C11,6))), DATE(YEAR($K$1),MONTH(EDATE(C11,6)),DAY(EDATE(C11,6))))) -> 46554 | E11: =山田!G6 -> 46188 | F11: =MAX(0,山田!G8-山田!G29) -> 8 | G11: =MIN(40, SUMIFS(山田!$C$30:$R$30, 山田!$C$32:$R$32, ">="&$K$1, 山田!$C$31:$R$31, "<="&$K$1)) -> 40 | H11: =COUNTIFS(山田!$C$9:$R$28,">=2026/1/1",山田!$C$9:$R$28,"<=2026/12/31") -> 0 | I11: =IF(H11>=5,"完了","あと"&(5-H11)&"日") -> あと5日
A12: No.9 | B12: 菊川 | C12: =菊川!B3 -> 44761 | D12: =IF(EDATE(C12,6)>$K$1, EDATE(C12,6), IF(DATE(YEAR($K$1),MONTH(EDATE(C12,6)),DAY(EDATE(C12,6)))<=$K$1, DATE(YEAR($K$1)+1,MONTH(EDATE(C12,6)),DAY(EDATE(C12,6))), DATE(YEAR($K$1),MONTH(EDATE(C12,6)),DAY(EDATE(C12,6))))) -> 46406 | E12: =菊川!E6 -> 46405 | F12: =MAX(0,菊川!E8-菊川!E29) -> 4 | G12: =MIN(40, SUMIFS(菊川!$C$30:$R$30, 菊川!$C$32:$R$32, ">="&$K$1, 菊川!$C$31:$R$31, "<="&$K$1)) -> 22 | H12: =COUNTIFS(菊川!$C$9:$R$28,">=2026/1/1",菊川!$C$9:$R$28,"<=2026/12/31") -> 5 | I12: =IF(H12>=5,"完了","あと"&(5-H12)&"日") -> 完了
A13: No.10 | B13: 畑野 | C13: =畑野!B3 -> 45817 | D13: =IF(EDATE(C13,6)>$K$1, EDATE(C13,6), IF(DATE(YEAR($K$1),MONTH(EDATE(C13,6)),DAY(EDATE(C13,6)))<=$K$1, DATE(YEAR($K$1)+1,MONTH(EDATE(C13,6)),DAY(EDATE(C13,6))), DATE(YEAR($K$1),MONTH(EDATE(C13,6)),DAY(EDATE(C13,6))))) -> 46365 | E13: =畑野!C6 -> 46729 | F13: =MAX(0,畑野!C8-畑野!C29) -> 4 | G13: =MIN(40, SUMIFS(畑野!$C$30:$R$30, 畑野!$C$32:$R$32, ">="&$K$1, 畑野!$C$31:$R$31, "<="&$K$1)) -> 4 | H13: =COUNTIFS(畑野!$C$9:$R$28,">=2026/1/1",畑野!$C$9:$R$28,"<=2026/12/31") -> 6 | I13: =IF(H13>=5,"完了","あと"&(5-H13)&"日") -> 完了
A14: No.11 | B14: 濱津 | C14: =濱津!B3 -> 46027 | D14: =IF(EDATE(C14,6)>$K$1, EDATE(C14,6), IF(DATE(YEAR($K$1),MONTH(EDATE(C14,6)),DAY(EDATE(C14,6)))<=$K$1, DATE(YEAR($K$1)+1,MONTH(EDATE(C14,6)),DAY(EDATE(C14,6))), DATE(YEAR($K$1),MONTH(EDATE(C14,6)),DAY(EDATE(C14,6))))) -> 46208 | E14: - | F14: - | G14: =MIN(40, SUMIFS(濱津!$C$30:$R$30, 濱津!$C$32:$R$32, ">="&$K$1, 濱津!$C$31:$R$31, "<="&$K$1)) -> 0 | H14: =COUNTIFS(濱津!$C$9:$R$28,">=2026/1/1",濱津!$C$9:$R$28,"<=2026/12/31") -> 0 | I14: =IF(H14>=5,"完了","あと"&(5-H14)&"日") -> あと5日
A15: No.12 | B15: 中原 宏 | C15: ='中原 宏'!B3 -> 46113 | D15: =IF(EDATE(C15,6)>$K$1,EDATE(C15,6),IF(DATE(YEAR($K$1),MONTH(EDATE(C15,6)),DAY(EDATE(C15,6)))<=$K$1,DATE(YEAR($K$1)+1,MONTH(EDATE(C15,6)),DAY(EDATE(C15,6))),DATE(YEAR($K$1),MONTH(EDATE(C15,6)),DAY(EDATE(C15,6))))) -> 46296 | E15: - | F15: - | G15: =MIN(40,SUMIFS('中原 宏'!$C$30:$R$30,'中原 宏'!$C$32:$R$32,">="&$K$1,'中原 宏'!$C$31:$R$31,"<="&$K$1)) -> 0 | H15: =COUNTIFS('中原 宏'!$C$9:$R$28,">=2026/1/1",'中原 宏'!$C$9:$R$28,"<=2026/12/31") -> 0 | I15: =IF(H15>=5,"完了","あと"&(5-H15)&"日") -> あと5日
A16: No.13 | D16: =IF(EDATE(C16,6)>$K$1,EDATE(C16,6),IF(DATE(YEAR($K$1),MONTH(EDATE(C16,6)),DAY(EDATE(C16,6)))<=$K$1,DATE(YEAR($K$1)+1,MONTH(EDATE(C16,6)),DAY(EDATE(C16,6))),DATE(YEAR($K$1),MONTH(EDATE(C16,6)),DAY(EDATE(C16,6))))) -> 46203 | I16: =IF(H15>=5,"完了","あと"&(5-H15)&"日") -> あと5日
A17: No.14 | D17: =IF(EDATE(C17,6)>$K$1,EDATE(C17,6),IF(DATE(YEAR($K$1),MONTH(EDATE(C17,6)),DAY(EDATE(C17,6)))<=$K$1,DATE(YEAR($K$1)+1,MONTH(EDATE(C17,6)),DAY(EDATE(C17,6))),DATE(YEAR($K$1),MONTH(EDATE(C17,6)),DAY(EDATE(C17,6))))) -> 46203 | I17: =IF(H15>=5,"完了","あと"&(5-H15)&"日") -> あと5日
B19: ※繰り越し有給休暇の失効日には、45日前に自動でセルをオレンジ色する「条件付き書式」がかかっています。
B20: 条件1: 使用期限まで「あと45日以内」である
B21: 条件2: 使用期限をまだ過ぎていない（本日以降である）
B22: 条件3: 消滅予定日数が「0日より多い」（＝まだ残っている）
B23: この3つが揃ったときだけ、セルが自動的にオレンジ色に染まります。

Sheet 記入例
A1: 年次有給休暇管理簿【フルタイム】
A2: 氏名 | B2: ○○ ○○
A3: 入社日 | B3: 41365
A5: 付与日 | C5: =DATE(YEAR($B$3),MONTH($B$3)+6,DAY($B$3)) -> 41548 | D5: =DATE(YEAR(C5)+1,MONTH(C5),DAY(C5)) -> 41913 | E5: =DATE(YEAR(D5)+1,MONTH(D5),DAY(D5)) -> 42278 | F5: =DATE(YEAR(E5)+1,MONTH(E5),DAY(E5)) -> 42644 | G5: =DATE(YEAR(F5)+1,MONTH(F5),DAY(F5)) -> 43009 | H5: =DATE(YEAR(G5)+1,MONTH(G5),DAY(G5)) -> 43374 | I5: =DATE(YEAR(H5)+1,MONTH(H5),DAY(H5)) -> 43739 | J5: =DATE(YEAR(I5)+1,MONTH(I5),DAY(I5)) -> 44105 | K5: =DATE(YEAR(J5)+1,MONTH(J5),DAY(J5)) -> 44470
A6: 使用期限（時効2年） | C6: =DATE(YEAR($C$5)+2,MONTH($C$5),DAY($C$5)-1) -> 42277 | D6: =DATE(YEAR($D$5)+2,MONTH($D$5),DAY($D$5)-1) -> 42643 | E6: =DATE(YEAR($E$5)+2,MONTH($E$5),DAY($E$5)-1) -> 43008 | F6: =DATE(YEAR($F$5)+2,MONTH($F$5),DAY($F$5)-1) -> 43373 | G6: =DATE(YEAR($G$5)+2,MONTH($G$5),DAY($G$5)-1) -> 43738 | H6: =DATE(YEAR($H$5)+2,MONTH($H$5),DAY($H$5)-1) -> 44104 | I6: =DATE(YEAR($I$5)+2,MONTH($I$5),DAY($I$5)-1) -> 44469 | J6: =DATE(YEAR($J$5)+2,MONTH($J$5),DAY($J$5)-1) -> 44834 | K6: =DATE(YEAR($K$5)+2,MONTH($K$5),DAY($K$5)-1) -> 45199
A7: 入社から経過年数 | C7: 0.5年 | D7: 1.5年 | E7: 2.5年 | F7: 3.5年 | G7: 4.5年 | H7: 5.5年 | I7: 6.5年 | J7: 7.5年 | K7: 8.5年
A8: 年次有給休暇付与日数 | C8: 10 | D8: 11 | E8: 12 | F8: 14 | G8: 16 | H8: 18 | I8: 20 | J8: 20 | K8: 20
A9: 使用日 | B9: 1日目 | C9: 41557 | D9: 42095 | E9: 42675 | F9: 43044 | G9: 43374
B10: 2日目 | C10: 41638 | D10: 42127 | E10: 42826 | G10: 43375
B11: 3日目 | C11: 41643 | D11: 42130 | E11: 43008
B12: 4日目 | C12: 41761 | D12: 42186
B13: 5日目 | C13: 41762 | D13: 42368
B14: 6日目 | C14: 41902 | D14: 42373
B15: 7日目 | C15: 41913 | D15: 42460
B16: 8日目 | C16: 42003
B17: 9日目 | C17: 42007
B18: 10日目 | C18: 42093
B19: 11日目
B20: 12日目
B21: 13日目
B22: 14日目
B23: 15日目
B24: 16日目
B25: 17日目
B26: 18日目
B27: 19日目
B28: 20日目
A29: 使用日数 | C29: =COUNTA(C9:C28) -> 10 | D29: =COUNTA(D9:D28) -> 7 | E29: =COUNTA(E9:E28) -> 3 | F29: =COUNTA(F9:F28) -> 1 | G29: =COUNTA(G9:G28) -> 2 | H29: =COUNTA(H9:H28) -> 0 | I29: =COUNTA(I9:I28) -> 0 | J29: =COUNTA(J9:J28) -> 0 | K29: =COUNTA(K9:K28) -> 0
A30: 残日数 | C30: =C8-C29 -> 0 | D30: =D8-D29 -> 4 | E30: =E8-E29 -> 9 | F30: =F8-F29 -> 13 | G30: =G8-G29 -> 14 | H30: =H8-H29 -> 18 | I30: =I8-I29 -> 20 | J30: =J8-J29 -> 20 | K30: =K8-K29 -> 20
A31: 付与日 | C31: =C5 -> 41548 | D31: =D5 -> 41913 | E31: =E5 -> 42278 | F31: =F5 -> 42644 | G31: =G5 -> 43009 | H31: =H5 -> 43374 | I31: =I5 -> 43739 | J31: =J5 -> 44105 | K31: =K5 -> 44470
A32: 使用期限（時効2年） | C32: =C6 -> 42277 | D32: =D6 -> 42643 | E32: =E6 -> 43008 | F32: =F6 -> 43373 | G32: =G6 -> 43738 | H32: =H6 -> 44104 | I32: =I6 -> 44469 | J32: =J6 -> 44834 | K32: =K6 -> 45199
A33: ※使用期限後は残日数があっても0になるので、＼などで消して見やすくしてください。

Sheet 有田
A1: 年次有給休暇管理簿【フルタイム】
A2: 氏名 | B2: 有田忍 | N2: R6.4/13分は半日のみ有給消化する
A3: 入社日 | B3: 40680
A5: 付与日 | C5: =DATE(YEAR($B$3),MONTH($B$3)+6,DAY($B$3)) -> 40864 | D5: =DATE(YEAR(C5)+1,MONTH(C5),DAY(C5)) -> 41230 | E5: =DATE(YEAR(D5)+1,MONTH(D5),DAY(D5)) -> 41595 | F5: =DATE(YEAR(E5)+1,MONTH(E5),DAY(E5)) -> 41960 | G5: =DATE(YEAR(F5)+1,MONTH(F5),DAY(F5)) -> 42325 | H5: =DATE(YEAR(G5)+1,MONTH(G5),DAY(G5)) -> 42691 | I5: =DATE(YEAR(H5)+1,MONTH(H5),DAY(H5)) -> 43056 | J5: =DATE(YEAR(I5)+1,MONTH(I5),DAY(I5)) -> 43421 | K5: =DATE(YEAR(J5)+1,MONTH(J5),DAY(J5)) -> 43786 | ... R5: =DATE(YEAR(Q5)+1,MONTH(Q5),DAY(Q5)) -> 46343
A6: 使用期限（時効2年） | C6: =DATE(YEAR($C$5)+2,MONTH($C$5),DAY($C$5)-1) -> 41594 | D6: =DATE(YEAR($D$5)+2,MONTH($D$5),DAY($D$5)-1) -> 41959 | E6: =DATE(YEAR($E$5)+2,MONTH($E$5),DAY($E$5)-1) -> 42324 | F6: =DATE(YEAR($F$5)+2,MONTH($F$5),DAY($F$5)-1) -> 42690 | G6: =DATE(YEAR($G$5)+2,MONTH($G$5),DAY($G$5)-1) -> 43055 | H6: =DATE(YEAR($H$5)+2,MONTH($H$5),DAY($H$5)-1) -> 43420 | I6: =DATE(YEAR($I$5)+2,MONTH($I$5),DAY($I$5)-1) -> 43785 | J6: =DATE(YEAR($J$5)+2,MONTH($J$5),DAY($J$5)-1) -> 44151 | K6: =DATE(YEAR($K$5)+2,MONTH($K$5),DAY($K$5)-1) -> 44516 | L6: =DATE(YEAR($L$5)+2,MONTH($K$5),DAY($K$5)-1) -> 44881 | M6: =DATE(YEAR($M$5)+2,MONTH($K$5),DAY($K$5)-1) -> 45246 | N6: =DATE(YEAR($N$5)+2,MONTH($K$5),DAY($K$5)-1) -> 45612 | O6: =DATE(YEAR($O$5)+2,MONTH($K$5),DAY($K$5)-1) -> 45977 | P6: =DATE(YEAR($P$5)+2,MONTH($K$5),DAY($K$5)-1) -> 46342 | Q6: =DATE(YEAR($Q$5)+2,MONTH($K$5),DAY($K$5)-1) -> 46707 | R6: =DATE(YEAR($R$5)+2,MONTH($K$5),DAY($K$5)-1) -> 47073
A7: 入社から経過年数 | C7: 0.5年 | D7: 1.5年 | E7: 2.5年 | F7: 3.5年 | G7: 4.5年 | H7: 5.5年 | I7: 6.5年 | J7: 7.5年 | K7: 8.5年 | L7: 9.5年 | M7: 10.5年 | N7: 11.5年 | O7: 12.5年 | P7: 13.5年 | Q7: 14.5年 | R7: 15.5年
A8: 年次有給休暇付与日数 | C8: 10 | D8: 11 | E8: 12 | F8: 14 | G8: 16 | H8: 18 | I8: 20 | J8: 20 | K8: 20 | L8: 20 | M8: 20 | N8: 20 | O8: 20 | P8: 20 | Q8: 20 | R8: 20
A9: 使用日 | B9: 1日目 | K9: 44491 | L9: 44672 | M9: 45057 | N9: 45393 | O9: 45770 | P9: 46135
B10: 2日目 | K10: 44492 | L10: 44673 | M10: 45058 | N10: 45394 | O10: 45771 | P10: 46136
B11: 3日目 | L11: 44674 | M11: 45059 | N11: 45395 | O11: 45772 | P11: 46146
B12: 4日目 | N12: 45406 | O12: 45873 | P12: 46147
B13: 5日目 | N13: 45407 | O13: 45876 | P13: 46148
B14: 6日目 | N14: 45408
B15: 7日目 | N15: 45533
B16: 8日目 | N16: 45534
B17: 9日目
B18: 10日目
B19: 11日目
B20: 12日目
B21: 13日目
B22: 14日目
B23: 15日目
B24: 16日目
B25: 17日目
B26: 18日目
B27: 19日目
B28: 20日目
A29: 使用日数 | C29: =COUNTA(C9:C28) -> 0 | D29: =COUNTA(D9:D28) -> 0 | E29: =COUNTA(E9:E28) -> 0 | F29: =COUNTA(F9:F28) -> 0 | G29: =COUNTA(G9:G28) -> 0 | H29: =COUNTA(H9:H28) -> 0 | I29: =COUNTA(I9:I28) -> 0 | J29: =COUNTA(J9:J28) -> 0 | ... M29: =COUNTA(M9:M28) -> 3 | N29: 5.5 | O29: =COUNTA(O9:O28) -> 5 | P29: =COUNTA(P9:P28) -> 5 | Q29: =COUNTA(Q9:Q28) -> 0 | R29: =COUNTA(R9:R28) -> 0
A30: 残日数 | C30: =C8-C29 -> 10 | D30: =D8-D29 -> 11 | E30: =E8-E29 -> 12 | F30: =F8-F29 -> 14 | G30: =G8-G29 -> 16 | H30: =H8-H29 -> 18 | I30: =I8-I29 -> 20 | J30: =J8-J29 -> 20 | ... N30: =N8-N29 -> 14.5 | O30: =N8+O8-O29 -> 35 | P30: =O8+P8-P29 -> 35 | Q30: =Q8-Q29 -> 20 | R30: =R8-R29 -> 20
A31: 付与日 | C31: =C5 -> 40864 | D31: =D5 -> 41230 | E31: =E5 -> 41595 | F31: =F5 -> 41960 | G31: =G5 -> 42325 | H31: =H5 -> 42691 | I31: =I5 -> 43056 | J31: =J5 -> 43421 | ... R31: =R5 -> 46343
A32: 使用期限（時効2年） | C32: =C6 -> 41594 | D32: =D6 -> 41959 | E32: =E6 -> 42324 | F32: =F6 -> 42690 | G32: =G6 -> 43055 | H32: =H6 -> 43420 | I32: =I6 -> 43785 | J32: =J6 -> 44151 | ... R32: =R6 -> 47073
A33: ※使用期限後は残日数があっても0になるので、＼などで消して見やすくしてください。

Sheet 中原裟也茄
A1: 年次有給休暇管理簿【フルタイム】
A2: 氏名 | B2: 中原裟也茄
A3: 入社日 | B3: 43837
A5: 付与日 | C5: =DATE(YEAR($B$3),MONTH($B$3)+6,DAY($B$3)) -> 44019 | D5: =DATE(YEAR(C5)+1,MONTH(C5),DAY(C5)) -> 44384 | E5: =DATE(YEAR(D5)+1,MONTH(D5),DAY(D5)) -> 44749 | F5: =DATE(YEAR(E5)+1,MONTH(E5),DAY(E5)) -> 45114 | G5: =DATE(YEAR(F5)+1,MONTH(F5),DAY(F5)) -> 45480 | H5: =DATE(YEAR(G5)+1,MONTH(G5),DAY(G5)) -> 45845 | I5: =DATE(YEAR(H5)+1,MONTH(H5),DAY(H5)) -> 46210 | J5: =DATE(YEAR(I5)+1,MONTH(I5),DAY(I5)) -> 46575 | K5: =DATE(YEAR(J5)+1,MONTH(J5),DAY(J5)) -> 46941
A6: 使用期限（時効2年） | C6: =DATE(YEAR($C$5)+2,MONTH($C$5),DAY($C$5)-1) -> 44748 | D6: =DATE(YEAR($D$5)+2,MONTH($D$5),DAY($D$5)-1) -> 45113 | E6: =DATE(YEAR($E$5)+2,MONTH($E$5),DAY($E$5)-1) -> 45479 | F6: =DATE(YEAR($F$5)+2,MONTH($F$5),DAY($F$5)-1) -> 45844 | G6: =DATE(YEAR($G$5)+2,MONTH($G$5),DAY($G$5)-1) -> 46209 | H6: =DATE(YEAR($H$5)+2,MONTH($H$5),DAY($H$5)-1) -> 46574 | I6: =DATE(YEAR($I$5)+2,MONTH($I$5),DAY($I$5)-1) -> 46940 | J6: =DATE(YEAR($J$5)+2,MONTH($J$5),DAY($J$5)-1) -> 47305 | K6: =DATE(YEAR($K$5)+2,MONTH($K$5),DAY($K$5)-1) -> 47670
A7: 入社から経過年数 | C7: 0.5年 | D7: 1.5年 | E7: 2.5年 | F7: 3.5年 | G7: 4.5年 | H7: 5.5年 | I7: 6.5年 | J7: 7.5年 | K7: 8.5年
A8: 年次有給休暇付与日数 | C8: 10 | D8: 11 | E8: 12 | F8: 14 | G8: 16 | H8: 18 | I8: 20 | J8: 20 | K8: 20
A9: 使用日 | B9: 1日目 | C9: 44035 | D9: 45057 | E9: 45406 | F9: 45533 | G9: 45896
B10: 2日目 | C10: 44491 | D10: 45058 | E10: 45407 | F10: 45534 | G10: 45897
B11: 3日目 | C11: 44492 | D11: 45059 | E11: 45408 | F11: 45770 | G11: 46135
B12: 4日目 | C12: 44672 | F12: 45771 | G12: 46136
B13: 5日目 | C13: 44673 | F13: 45772 | G13: 46142
B14: 6日目 | C14: 44674 | F14: 45817 | G14: 46146
B15: 7日目 | F15: 45818 | G15: 46147
B16: 8日目 | F16: 45819 | G16: 46148
B17: 9日目
B18: 10日目
B19: 11日目
B20: 12日目
B21: 13日目
B22: 14日目
B23: 15日目
B24: 16日目
B25: 17日目
B26: 18日目
B27: 19日目
B28: 20日目
A29: 使用日数 | C29: =COUNTA(C9:C28) -> 6 | D29: =COUNTA(D9:D28) -> 3 | E29: =COUNTA(E9:E28) -> 3 | F29: =COUNTA(F9:F28) -> 8 | G29: =COUNTA(G9:G28) -> 8 | H29: =COUNTA(H9:H28) -> 0 | I29: =COUNTA(I9:I28) -> 0 | J29: =COUNTA(J9:J28) -> 0 | K29: =COUNTA(K9:K28) -> 0
A30: 残日数 | C30: =C8-C29 -> 4 | D30: =C30+D8-D29 -> 12 | E30: =D8+E8-E29 -> 20 | F30: =E8+F8-F29 -> 18 | G30: =F8+G8-G29 -> 22 | H30: =G8+H8-H29 -> 34 | I30: =I8-I29 -> 20 | J30: =J8-J29 -> 20 | K30: =K8-K29 -> 20
A31: 付与日 | C31: =C5 -> 44019 | D31: =D5 -> 44384 | E31: =E5 -> 44749 | F31: =F5 -> 45114 | G31: =G5 -> 45480 | H31: =H5 -> 45845 | I31: =I5 -> 46210 | J31: =J5 -> 46575 | K31: =K5 -> 46941
A32: 使用期限（時効2年） | C32: =C6 -> 44748 | D32: =D6 -> 45113 | E32: =E6 -> 45479 | F32: =F6 -> 45844 | G32: =G6 -> 46209 | H32: =H6 -> 46574 | I32: =I6 -> 46940 | J32: =J6 -> 47305 | K32: =K6 -> 47670
A33: ※使用期限後は残日数があっても0になるので、＼などで消して見やすくしてください。

Sheet 山田 一光
A1: 年次有給休暇管理簿【フルタイム】
A2: 氏名 | B2: 山田一光
A3: 入社日 | B3: 44256
A5: 付与日 | C5: =DATE(YEAR($B$3),MONTH($B$3)+6,DAY($B$3)) -> 44440 | D5: =DATE(YEAR(C5)+1,MONTH(C5),DAY(C5)) -> 44805 | E5: =DATE(YEAR(D5)+1,MONTH(D5),DAY(D5)) -> 45170 | F5: =DATE(YEAR(E5)+1,MONTH(E5),DAY(E5)) -> 45536 | G5: =DATE(YEAR(F5)+1,MONTH(F5),DAY(F5)) -> 45901 | H5: =DATE(YEAR(G5)+1,MONTH(G5),DAY(G5)) -> 46266 | I5: =DATE(YEAR(H5)+1,MONTH(H5),DAY(H5)) -> 46631 | J5: =DATE(YEAR(I5)+1,MONTH(I5),DAY(I5)) -> 46997 | K5: =DATE(YEAR(J5)+1,MONTH(J5),DAY(J5)) -> 47362
A6: 使用期限（時効2年） | C6: =DATE(YEAR($C$5)+2,MONTH($C$5),DAY($C$5)-1) -> 45169 | D6: =DATE(YEAR($D$5)+2,MONTH($D$5),DAY($D$5)-1) -> 45535 | E6: =DATE(YEAR($E$5)+2,MONTH($E$5),DAY($E$5)-1) -> 45900 | F6: =DATE(YEAR($F$5)+2,MONTH($F$5),DAY($F$5)-1) -> 46265 | G6: =DATE(YEAR($G$5)+2,MONTH($G$5),DAY($G$5)-1) -> 46630 | H6: =DATE(YEAR($H$5)+2,MONTH($H$5),DAY($H$5)-1) -> 46996 | I6: =DATE(YEAR($I$5)+2,MONTH($I$5),DAY($I$5)-1) -> 47361 | J6: =DATE(YEAR($J$5)+2,MONTH($J$5),DAY($J$5)-1) -> 47726 | K6: =DATE(YEAR($K$5)+2,MONTH($K$5),DAY($K$5)-1) -> 48091
A7: 入社から経過年数 | C7: 0.5年 | D7: 1.5年 | E7: 2.5年 | F7: 3.5年 | G7: 4.5年 | H7: 5.5年 | I7: 6.5年 | J7: 7.5年 | K7: 8.5年
A8: 年次有給休暇付与日数 | C8: 10 | D8: 11 | E8: 12 | F8: 14 | G8: 16 | H8: 18 | I8: 20 | J8: 20 | K8: 20
A9: 使用日 | B9: 1日目 | D9: 45533 | E9: 45873
B10: 2日目 | D10: 45534 | E10: 45876
B11: 3日目
B12: 4日目
B13: 5日目
B14: 6日目
B15: 7日目
B16: 8日目
B17: 9日目
B18: 10日目
B19: 11日目
B20: 12日目
B21: 13日目
B22: 14日目
... B28: 20日目
A29: 使用日数 | C29: =COUNTA(C9:C28) -> 0 | D29: =COUNTA(D9:D28) -> 2 | E29: =COUNTA(E9:E28) -> 2 | F29: =COUNTA(F9:F28) -> 0 | G29: =COUNTA(G9:G28) -> 0 | H29: =COUNTA(H9:H28) -> 0 | I29: =COUNTA(I9:I28) -> 0 | J29: =COUNTA(J9:J28) -> 0 | K29: =COUNTA(K9:K28) -> 0
A30: 残日数 | C30: =C8-C29 -> 10 | D30: =C30+D8-D29 -> 19 | E30: =D8+E8-E29 -> 21 | F30: =E8+F8-F29 -> 26 | G30: =F8+G8-G29 -> 30 | H30: =H8-H29 -> 18 | I30: =I8-I29 -> 20 | J30: =J8-J29 -> 20 | K30: =K8-K29 -> 20
A31: 付与日 | C31: =C5 -> 44440 | D31: =D5 -> 44805 | E31: =E5 -> 45170 | F31: =F5 -> 45536 | G31: =G5 -> 45901 | H31: =H5 -> 46266 | I31: =I5 -> 46631 | J31: =J5 -> 46997 | K31: =K5 -> 47362
A32: 使用期限（時効2年） | C32: =C6 -> 45169 | D32: =D6 -> 45535 | E32: =E6 -> 45900 | F32: =F6 -> 46265 | G32: =G6 -> 46630 | H32: =H6 -> 46996 | I32: =I6 -> 47361 | J32: =J6 -> 47726 | K32: =K6 -> 48091
A33: ※使用期限後は残日数があっても0になるので、＼などで消して見やすくしてください。

Sheet 中原 宏
A1: 年次有給休暇管理簿【パート】
A2: 氏名 | B2: 中原 宏
A3: 入社日 | B3: 46113
A5: 付与日 | C5: =DATE(YEAR($B$3),MONTH($B$3)+6,DAY($B$3)) -> 46296 | D5: =DATE(YEAR(C5)+1,MONTH(C5),DAY(C5)) -> 46661 | E5: =DATE(YEAR(D5)+1,MONTH(D5),DAY(D5)) -> 47027 | F5: =DATE(YEAR(E5)+1,MONTH(E5),DAY(E5)) -> 47392 | G5: =DATE(YEAR(F5)+1,MONTH(F5),DAY(F5)) -> 47757 | H5: =DATE(YEAR(G5)+1,MONTH(G5),DAY(G5)) -> 48122 | I5: =DATE(YEAR(H5)+1,MONTH(H5),DAY(H5)) -> 48488 | J5: =DATE(YEAR(I5)+1,MONTH(I5),DAY(I5)) -> 48853 | K5: =DATE(YEAR(J5)+1,MONTH(J5),DAY(J5)) -> 49218
A6: 使用期限（時効2年） | C6: =DATE(YEAR($C$5)+2,MONTH($C$5),DAY($C$5)-1) -> 47026 | D6: =DATE(YEAR($D$5)+2,MONTH($D$5),DAY($D$5)-1) -> 47391 | E6: =DATE(YEAR($E$5)+2,MONTH($E$5),DAY($E$5)-1) -> 47756 | F6: =DATE(YEAR($F$5)+2,MONTH($F$5),DAY($F$5)-1) -> 48121 | G6: =DATE(YEAR($G$5)+2,MONTH($G$5),DAY($G$5)-1) -> 48487 | H6: =DATE(YEAR($H$5)+2,MONTH($H$5),DAY($H$5)-1) -> 48852 | I6: =DATE(YEAR($I$5)+2,MONTH($I$5),DAY($I$5)-1) -> 49217 | J6: =DATE(YEAR($J$5)+2,MONTH($J$5),DAY($J$5)-1) -> 49582 | K6: =DATE(YEAR($K$5)+2,MONTH($K$5),DAY($K$5)-1) -> 49948
A7: 入社から経過年数 | C7: 0.5年 | D7: 1.5年 | E7: 2.5年 | F7: 3.5年 | G7: 4.5年 | H7: 5.5年 | I7: 6.5年 | J7: 7.5年 | K7: 8.5年
A8: 年次有給休暇付与日数 | C8: 10 | D8: 11 | E8: 12 | F8: 14 | G8: 16 | H8: 18 | I8: 20 | J8: 20 | K8: 20
A9: 使用日 | B9: 1日目
B10: 2日目
B11: 3日目
B12: 4日目
B13: 5日目
B14: 6日目
B15: 7日目
B16: 8日目
B17: 9日目
B18: 10日目
B19: 11日目
B20: 12日目
B21: 13日目
... B28: 20日目
A29: 使用日数 | C29: =COUNTA(C9:C28) -> 0 | D29: =COUNTA(D9:D28) -> 0 | E29: =COUNTA(E9:E28) -> 0 | F29: =COUNTA(F9:F28) -> 0 | G29: =COUNTA(G9:G28) -> 0 | H29: =COUNTA(H9:H28) -> 0 | I29: =COUNTA(I9:I28) -> 0 | J29: =COUNTA(J9:J28) -> 0 | K29: =COUNTA(K9:K28) -> 0
A30: 残日数 | C30: =C8-C29 -> 10 | D30: =C8+D8-D29 -> 21 | E30: =D8+E8-E29 -> 23 | F30: =E8+F8-F29 -> 26 | G30: =F8+G8-G29 -> 30 | H30: =G8+H8-H29 -> 34 | I30: =H8+I8-I29 -> 38 | J30: =I8+J8-J29 -> 40 | K30: =J8+K8-K29 -> 40
A31: 付与日 | C31: =C5 -> 46296 | D31: =D5 -> 46661 | E31: =E5 -> 47027 | F31: =F5 -> 47392 | G31: =G5 -> 47757 | H31: =H5 -> 48122 | I31: =I5 -> 48488 | J31: =J5 -> 48853 | K31: =K5 -> 49218
A32: 使用期限（時効2年） | C32: =C6 -> 47026 | D32: =D6 -> 47391 | E32: =E6 -> 47756 | F32: =F6 -> 48121 | G32: =G6 -> 48487 | H32: =H6 -> 48852 | I32: =I6 -> 49217 | J32: =J6 -> 49582 | K32: =K6 -> 49948
A33: ※使用期限後は残日数があっても0になるので、＼などで消して見やすくしてください。

Sheet アルフィアン
A1: 年次有給休暇管理簿【フルタイム】
A2: 氏名 | B2: アルフィアン ソレフル ハディ
A3: 入社日 | B3: 45091 | D3: ※2026年の就業規則改正のため、実習生が一時帰国する場合は、有給が+5日される
A5: 付与日 | C5: =DATE(YEAR($B$3),MONTH($B$3)+6,DAY($B$3)) -> 45274 | D5: =DATE(YEAR(C5)+1,MONTH(C5),DAY(C5)) -> 45640 | E5: =DATE(YEAR(D5)+1,MONTH(D5),DAY(D5)) -> 46005 | F5: =DATE(YEAR(E5)+1,MONTH(E5),DAY(E5)) -> 46370 | G5: =DATE(YEAR(F5)+1,MONTH(F5),DAY(F5)) -> 46735 | H5: =DATE(YEAR(G5)+1,MONTH(G5),DAY(G5)) -> 47101 | I5: =DATE(YEAR(H5)+1,MONTH(H5),DAY(H5)) -> 47466 | J5: =DATE(YEAR(I5)+1,MONTH(I5),DAY(I5)) -> 47831 | K5: =DATE(YEAR(J5)+1,MONTH(J5),DAY(J5)) -> 48196
A6: 使用期限（時効2年） | C6: =DATE(YEAR($C$5)+2,MONTH($C$5),DAY($C$5)-1) -> 46004 | D6: =DATE(YEAR($D$5)+2,MONTH($D$5),DAY($D$5)-1) -> 46369 | E6: =DATE(YEAR($E$5)+2,MONTH($E$5),DAY($E$5)-1) -> 46734 | F6: =DATE(YEAR($F$5)+2,MONTH($F$5),DAY($F$5)-1) -> 47100 | G6: =DATE(YEAR($G$5)+2,MONTH($G$5),DAY($G$5)-1) -> 47465 | H6: =DATE(YEAR($H$5)+2,MONTH($H$5),DAY($H$5)-1) -> 47830 | I6: =DATE(YEAR($I$5)+2,MONTH($I$5),DAY($I$5)-1) -> 48195 | J6: =DATE(YEAR($J$5)+2,MONTH($J$5),DAY($J$5)-1) -> 48561 | K6: =DATE(YEAR($K$5)+2,MONTH($K$5),DAY($K$5)-1) -> 48926
A7: 入社から経過年数 | C7: 0.5年 | D7: 1.5年 | E7: 2.5年 | F7: 3.5年 | G7: 4.5年 | H7: 5.5年 | I7: 6.5年 | J7: 7.5年 | K7: 8.5年
A8: 年次有給休暇付与日数 | C8: 10 | D8: 16 | E8: 12 | F8: 14 | G8: 16 | H8: 18 | I8: 20 | J8: 20 | K8: 20
A9: 使用日 | B9: 1日目 | C9: 45341 | D9: 45770 | E9: 46169
B10: 2日目 | C10: 45391 | D10: 45771 | E10: 46170
B11: 3日目 | C11: 45392 | D11: 45772 | E11: 46171
B12: 4日目 | C12: 45393 | D12: 45817 | E12: 46174
B13: 5日目 | C13: 45399 | D13: 45818 | E13: 46175
B14: 6日目 | C14: 45400 | D14: 45873 | E14: 46176
B15: 7日目 | C15: 45492 | D15: 45880 | E15: 46177
B16: 8日目 | C16: 45667 | D16: 46135 | E16: 46178
B17: 9日目 | C17: 45747 | D17: 46136 | E17: 46181
B18: 10日目 | C18: 45748 | D18: 46146
B19: 11日目 | D19: 46147
B20: 12日目 | D20: 46148
B21: 13日目 | D21: 46163
B22: 14日目 | D22: 46164
B23: 15日目 | D23: 46167
B24: 16日目 | D24: 46168
B25: 17日目
B26: 18日目
B27: 19日目
B28: 20日目
A29: 使用日数 | C29: =COUNTA(C9:C28) -> 10 | D29: =COUNTA(D9:D28) -> 16 | E29: =COUNTA(E9:E28) -> 9 | F29: =COUNTA(F9:F28) -> 0 | G29: =COUNTA(G9:G28) -> 0 | H29: =COUNTA(H9:H28) -> 0 | I29: =COUNTA(I9:I28) -> 0 | J29: =COUNTA(J9:J28) -> 0 | K29: =COUNTA(K9:K28) -> 0
A30: 残日数 | C30: =C8-C29 -> 0 | D30: =D8-D29 -> 0 | E30: =D30+E8-E29 -> 3 | F30: =E30+F8-F29 -> 17 | G30: =F8+G8-G29 -> 30 | H30: =G8+H8-H29 -> 34 | I30: =H8+I8-I29 -> 38 | J30: =I8+J8-J29 -> 40 | K30: =J8+K8-K29 -> 40
A31: 付与日 | C31: =C5 -> 45274 | D31: =D5 -> 45640 | E31: =E5 -> 46005 | F31: =F5 -> 46370 | G31: =G5 -> 46735 | H31: =H5 -> 47101 | I31: =I5 -> 47466 | J31: =J5 -> 47831 | K31: =K5 -> 48196
A32: 使用期限（時効2年） | C32: =C6 -> 46004 | D32: =D6 -> 46369 | E32: =E6 -> 46734 | F32: =F6 -> 47100 | G32: =G6 -> 47465 | H32: =H6 -> 47830 | I32: =I6 -> 48195 | J32: =J6 -> 48561 | K32: =K6 -> 48926
A33: ※使用期限後は残日数があっても0になるので、＼などで消して見やすくしてください。

Sheet ディマス
A1: 年次有給休暇管理簿【フルタイム】
A2: 氏名 | B2: ディマス サトリオ ブアナ
A3: 入社日 | B3: 45748
A5: 付与日 | C5: =DATE(YEAR($B$3),MONTH($B$3)+6,DAY($B$3)) -> 45931 | D5: =DATE(YEAR(C5)+1,MONTH(C5),DAY(C5)) -> 46296 | E5: =DATE(YEAR(D5)+1,MONTH(D5),DAY(D5)) -> 46661 | F5: =DATE(YEAR(E5)+1,MONTH(E5),DAY(E5)) -> 47027 | G5: =DATE(YEAR(F5)+1,MONTH(F5),DAY(F5)) -> 47392 | H5: =DATE(YEAR(G5)+1,MONTH(G5),DAY(G5)) -> 47757 | I5: =DATE(YEAR(H5)+1,MONTH(H5),DAY(H5)) -> 48122 | J5: =DATE(YEAR(I5)+1,MONTH(I5),DAY(I5)) -> 48488 | K5: =DATE(YEAR(J5)+1,MONTH(J5),DAY(J5)) -> 48853
A6: 使用期限（時効2年） | C6: =DATE(YEAR($C$5)+2,MONTH($C$5),DAY($C$5)-1) -> 46660 | D6: =DATE(YEAR($D$5)+2,MONTH($D$5),DAY($D$5)-1) -> 47026 | E6: =DATE(YEAR($E$5)+2,MONTH($E$5),DAY($E$5)-1) -> 47391 | F6: =DATE(YEAR($F$5)+2,MONTH($F$5),DAY($F$5)-1) -> 47756 | G6: =DATE(YEAR($G$5)+2,MONTH($G$5),DAY($G$5)-1) -> 48121 | H6: =DATE(YEAR($H$5)+2,MONTH($H$5),DAY($H$5)-1) -> 48487 | I6: =DATE(YEAR($I$5)+2,MONTH($I$5),DAY($I$5)-1) -> 48852 | J6: =DATE(YEAR($J$5)+2,MONTH($J$5),DAY($J$5)-1) -> 49217 | K6: =DATE(YEAR($K$5)+2,MONTH($K$5),DAY($K$5)-1) -> 49582
A7: 入社から経過年数 | C7: 0.5年 | D7: 1.5年 | E7: 2.5年 | F7: 3.5年 | G7: 4.5年 | H7: 5.5年 | I7: 6.5年 | J7: 7.5年 | K7: 8.5年
A8: 年次有給休暇付与日数 | C8: 10 | D8: 11 | E8: 12 | F8: 14 | G8: 16 | H8: 18 | I8: 20 | J8: 20 | K8: 20
A9: 使用日 | B9: 1日目 | C9: 46135
B10: 2日目 | C10: 46136
B11: 3日目
B12: 4日目
B13: 5日目
B14: 6日目
B15: 7日目
B16: 8日目
B17: 9日目
B18: 10日目
B19: 11日目
B20: 12日目
B21: 13日目
B22: 14日目
... B28: 20日目
A29: 使用日数 | C29: =COUNTA(C9:C28) -> 2 | D29: =COUNTA(D9:D28) -> 0 | E29: =COUNTA(E9:E28) -> 0 | F29: =COUNTA(F9:F28) -> 0 | G29: =COUNTA(G9:G28) -> 0 | H29: =COUNTA(H9:H28) -> 0 | I29: =COUNTA(I9:I28) -> 0 | J29: =COUNTA(J9:J28) -> 0 | K29: =COUNTA(K9:K28) -> 0
A30: 残日数 | C30: =C8-C29 -> 8 | D30: =C30+D8-D29 -> 19 | E30: =D8+E8-E29 -> 23 | F30: =E8+F8-F29 -> 26 | G30: =F8+G8-G29 -> 30 | H30: =G8+H8-H29 -> 34 | I30: =H8+I8-I29 -> 38 | J30: =I8+J8-J29 -> 40 | K30: =J8+K8-K29 -> 40
A31: 付与日 | C31: =C5 -> 45931 | D31: =D5 -> 46296 | E31: =E5 -> 46661 | F31: =F5 -> 47027 | G31: =G5 -> 47392 | H31: =H5 -> 47757 | I31: =I5 -> 48122 | J31: =J5 -> 48488 | K31: =K5 -> 48853
A32: 使用期限（時効2年） | C32: =C6 -> 46660 | D32: =D6 -> 47026 | E32: =E6 -> 47391 | F32: =F6 -> 47756 | G32: =G6 -> 48121 | H32: =H6 -> 48487 | I32: =I6 -> 48852 | J32: =J6 -> 49217 | K32: =K6 -> 49582
A33: ※使用期限後は残日数があっても0になるので、＼などで消して見やすくしてください。

Sheet ヨザ
A1: 年次有給休暇管理簿【フルタイム】
A2: 氏名 | B2: ムハンマド ヨザテュル イスラム
A3: 入社日 | B3: 45091 | D3: ※2026年の就業規則改正のため、実習生が一時帰国する場合は、有給が+5日される
A5: 付与日 | C5: =DATE(YEAR($B$3),MONTH($B$3)+6,DAY($B$3)) -> 45274 | D5: =DATE(YEAR(C5)+1,MONTH(C5),DAY(C5)) -> 45640 | E5: =DATE(YEAR(D5)+1,MONTH(D5),DAY(D5)) -> 46005 | F5: =DATE(YEAR(E5)+1,MONTH(E5),DAY(E5)) -> 46370 | G5: =DATE(YEAR(F5)+1,MONTH(F5),DAY(F5)) -> 46735 | H5: =DATE(YEAR(G5)+1,MONTH(G5),DAY(G5)) -> 47101 | I5: =DATE(YEAR(H5)+1,MONTH(H5),DAY(H5)) -> 47466 | J5: =DATE(YEAR(I5)+1,MONTH(I5),DAY(I5)) -> 47831 | K5: =DATE(YEAR(J5)+1,MONTH(J5),DAY(J5)) -> 48196
A6: 使用期限（時効2年） | C6: =DATE(YEAR($C$5)+2,MONTH($C$5),DAY($C$5)-1) -> 46004 | D6: =DATE(YEAR($D$5)+2,MONTH($D$5),DAY($D$5)-1) -> 46369 | E6: =DATE(YEAR($E$5)+2,MONTH($E$5),DAY($E$5)-1) -> 46734 | F6: =DATE(YEAR($F$5)+2,MONTH($F$5),DAY($F$5)-1) -> 47100 | G6: =DATE(YEAR($G$5)+2,MONTH($G$5),DAY($G$5)-1) -> 47465 | H6: =DATE(YEAR($H$5)+2,MONTH($H$5),DAY($H$5)-1) -> 47830 | I6: =DATE(YEAR($I$5)+2,MONTH($I$5),DAY($I$5)-1) -> 48195 | J6: =DATE(YEAR($J$5)+2,MONTH($J$5),DAY($J$5)-1) -> 48561 | K6: =DATE(YEAR($K$5)+2,MONTH($K$5),DAY($K$5)-1) -> 48926
A7: 入社から経過年数 | C7: 0.5年 | D7: 1.5年 | E7: 2.5年 | F7: 3.5年 | G7: 4.5年 | H7: 5.5年 | I7: 6.5年 | J7: 7.5年 | K7: 8.5年
A8: 年次有給休暇付与日数 | C8: 10 | D8: 16 | E8: 12 | F8: 14 | G8: 16 | H8: 18 | I8: 20 | J8: 20 | K8: 20
A9: 使用日 | B9: 1日目 | C9: 45341 | D9: 45817
B10: 2日目 | C10: 45391 | D10: 45818
B11: 3日目 | C11: 45392 | D11: 45873
B12: 4日目 | C12: 45393 | D12: 45876
B13: 5日目 | C13: 45618 | D13: 46135
B14: 6日目 | C14: 45747 | D14: 46136
B15: 7日目 | C15: 45748 | D15: 46146
B16: 8日目 | C16: 45770 | D16: 46147
B17: 9日目 | C17: 45771 | D17: 46148
B18: 10日目 | C18: 45772 | D18: 46163
B19: 11日目 | D19: 46164
B20: 12日目 | D20: 46167
B21: 13日目 | D21: 46168
B22: 14日目 | D22: 46169
B23: 15日目 | D23: 46170
B24: 16日目 | D24: 46171
B25: 17日目
B26: 18日目
B27: 19日目
B28: 20日目
A29: 使用日数 | C29: =COUNTA(C9:C28) -> 10 | D29: =COUNTA(D9:D28) -> 16 | E29: =COUNTA(E9:E28) -> 0 | F29: =COUNTA(F9:F28) -> 0 | G29: =COUNTA(G9:G28) -> 0 | H29: =COUNTA(H9:H28) -> 0 | I29: =COUNTA(I9:I28) -> 0 | J29: =COUNTA(J9:J28) -> 0 | K29: =COUNTA(K9:K28) -> 0
A30: 残日数 | C30: =C8-C29 -> 0 | D30: =C30+D8-D29 -> 0 | E30: =D30+E8-E29 -> 12 | F30: =E8+F8-F29 -> 26 | G30: =F8+G8-G29 -> 30 | H30: =G8+H8-H29 -> 34 | I30: =H8+I8-I29 -> 38 | J30: =I8+J8-J29 -> 40 | K30: =J8+K8-K29 -> 40
A31: 付与日 | C31: =C5 -> 45274 | D31: =D5 -> 45640 | E31: =E5 -> 46005 | F31: =F5 -> 46370 | G31: =G5 -> 46735 | H31: =H5 -> 47101 | I31: =I5 -> 47466 | J31: =J5 -> 47831 | K31: =K5 -> 48196
A32: 使用期限（時効2年） | C32: =C6 -> 46004 | D32: =D6 -> 46369 | E32: =E6 -> 46734 | F32: =F6 -> 47100 | G32: =G6 -> 47465 | H32: =H6 -> 47830 | I32: =I6 -> 48195 | J32: =J6 -> 48561 | K32: =K6 -> 48926
A33: ※使用期限後は残日数があっても0になるので、＼などで消して見やすくしてください。

Sheet リズキ
A1: 年次有給休暇管理簿【フルタイム】
A2: 氏名 | B2: リズキ ノビアント
A3: 入社日 | B3: 45748
A5: 付与日 | C5: =DATE(YEAR($B$3),MONTH($B$3)+6,DAY($B$3)) -> 45931 | D5: =DATE(YEAR(C5)+1,MONTH(C5),DAY(C5)) -> 46296 | E5: =DATE(YEAR(D5)+1,MONTH(D5),DAY(D5)) -> 46661 | F5: =DATE(YEAR(E5)+1,MONTH(E5),DAY(E5)) -> 47027 | G5: =DATE(YEAR(F5)+1,MONTH(F5),DAY(F5)) -> 47392 | H5: =DATE(YEAR(G5)+1,MONTH(G5),DAY(G5)) -> 47757 | I5: =DATE(YEAR(H5)+1,MONTH(H5),DAY(H5)) -> 48122 | J5: =DATE(YEAR(I5)+1,MONTH(I5),DAY(I5)) -> 48488 | K5: =DATE(YEAR(J5)+1,MONTH(J5),DAY(J5)) -> 48853
A6: 使用期限（時効2年） | C6: =DATE(YEAR($C$5)+2,MONTH($C$5),DAY($C$5)-1) -> 46660 | D6: =DATE(YEAR($D$5)+2,MONTH($D$5),DAY($D$5)-1) -> 47026 | E6: =DATE(YEAR($E$5)+2,MONTH($E$5),DAY($E$5)-1) -> 47391 | F6: =DATE(YEAR($F$5)+2,MONTH($F$5),DAY($F$5)-1) -> 47756 | G6: =DATE(YEAR($G$5)+2,MONTH($G$5),DAY($G$5)-1) -> 48121 | H6: =DATE(YEAR($H$5)+2,MONTH($H$5),DAY($H$5)-1) -> 48487 | I6: =DATE(YEAR($I$5)+2,MONTH($I$5),DAY($I$5)-1) -> 48852 | J6: =DATE(YEAR($J$5)+2,MONTH($J$5),DAY($J$5)-1) -> 49217 | K6: =DATE(YEAR($K$5)+2,MONTH($K$5),DAY($K$5)-1) -> 49582
A7: 入社から経過年数 | C7: 0.5年 | D7: 1.5年 | E7: 2.5年 | F7: 3.5年 | G7: 4.5年 | H7: 5.5年 | I7: 6.5年 | J7: 7.5年 | K7: 8.5年
A8: 年次有給休暇付与日数 | C8: 10 | D8: 11 | E8: 12 | F8: 14 | G8: 16 | H8: 18 | I8: 20 | J8: 20 | K8: 20
A9: 使用日 | B9: 1日目 | C9: 46135
B10: 2日目 | C10: 46136
B11: 3日目
B12: 4日目
B13: 5日目
B14: 6日目
B15: 7日目
B16: 8日目
B17: 9日目
B18: 10日目
B19: 11日目
B20: 12日目
B21: 13日目
B22: 14日目
... B28: 20日目
A29: 使用日数 | C29: =COUNTA(C9:C28) -> 2 | D29: =COUNTA(D9:D28) -> 0 | E29: =COUNTA(E9:E28) -> 0 | F29: =COUNTA(F9:F28) -> 0 | G29: =COUNTA(G9:G28) -> 0 | H29: =COUNTA(H9:H28) -> 0 | I29: =COUNTA(I9:I28) -> 0 | J29: =COUNTA(J9:J28) -> 0 | K29: =COUNTA(K9:K28) -> 0
A30: 残日数 | C30: =C8-C29 -> 8 | D30: =C30+D8-D29 -> 19 | E30: =D8+E8-E29 -> 23 | F30: =E8+F8-F29 -> 26 | G30: =F8+G8-G29 -> 30 | H30: =G8+H8-H29 -> 34 | I30: =H8+I8-I29 -> 38 | J30: =I8+J8-J29 -> 40 | K30: =J8+K8-K29 -> 40
A31: 付与日 | C31: =C5 -> 45931 | D31: =D5 -> 46296 | E31: =E5 -> 46661 | F31: =F5 -> 47027 | G31: =G5 -> 47392 | H31: =H5 -> 47757 | I31: =I5 -> 48122 | J31: =J5 -> 48488 | K31: =K5 -> 48853
A32: 使用期限（時効2年） | C32: =C6 -> 46660 | D32: =D6 -> 47026 | E32: =E6 -> 47391 | F32: =F6 -> 47756 | G32: =G6 -> 48121 | H32: =H6 -> 48487 | I32: =I6 -> 48852 | J32: =J6 -> 49217 | K32: =K6 -> 49582
A33: ※使用期限後は残日数があっても0になるので、＼などで消して見やすくしてください。

Sheet 山田
A1: 年次有給休暇管理簿【パート】
A2: 氏名 | B2: 山田ユカリ
A3: 入社日 | B3: 43815
A5: 付与日 | C5: =DATE(YEAR($B$3),MONTH($B$3)+6,DAY($B$3)) -> 43998 | D5: =DATE(YEAR(C5)+1,MONTH(C5),DAY(C5)) -> 44363 | E5: =DATE(YEAR(D5)+1,MONTH(D5),DAY(D5)) -> 44728 | F5: =DATE(YEAR(E5)+1,MONTH(E5),DAY(E5)) -> 45093 | G5: =DATE(YEAR(F5)+1,MONTH(F5),DAY(F5)) -> 45459 | H5: =DATE(YEAR(G5)+1,MONTH(G5),DAY(G5)) -> 45824 | I5: =DATE(YEAR(H5)+1,MONTH(H5),DAY(H5)) -> 46189 | J5: =DATE(YEAR(I5)+1,MONTH(I5),DAY(I5)) -> 46554 | K5: =DATE(YEAR(J5)+1,MONTH(J5),DAY(J5)) -> 46920
A6: 使用期限（時効2年） | C6: =DATE(YEAR($C$5)+2,MONTH($C$5),DAY($C$5)-1) -> 44727 | D6: =DATE(YEAR($D$5)+2,MONTH($D$5),DAY($D$5)-1) -> 45092 | E6: =DATE(YEAR($E$5)+2,MONTH($E$5),DAY($E$5)-1) -> 45458 | F6: =DATE(YEAR($F$5)+2,MONTH($F$5),DAY($F$5)-1) -> 45823 | G6: =DATE(YEAR($G$5)+2,MONTH($G$5),DAY($G$5)-1) -> 46188 | H6: =DATE(YEAR($H$5)+2,MONTH($H$5),DAY($H$5)-1) -> 46553 | I6: =DATE(YEAR($I$5)+2,MONTH($I$5),DAY($I$5)-1) -> 46919 | J6: =DATE(YEAR($J$5)+2,MONTH($J$5),DAY($J$5)-1) -> 47284 | K6: =DATE(YEAR($K$5)+2,MONTH($K$5),DAY($K$5)-1) -> 47649
A7: 入社から経過年数 | C7: 0.5年 | D7: 1.5年 | E7: 2.5年 | F7: 3.5年 | G7: 4.5年 | H7: 5.5年 | I7: 6.5年 | J7: 7.5年 | K7: 8.5年
A8: 年次有給休暇付与日数 | C8: 10 | D8: 11 | E8: 12 | F8: 14 | G8: 16 | H8: 18 | I8: 20 | J8: 20 | K8: 20
A9: 使用日 | B9: 1日目 | C9: 44102 | D9: 45026 | E9: 45181 | F9: 45511 | G9: 45772
B10: 2日目 | C10: 44103 | D10: 45083 | E10: 45196 | F10: 45513 | G10: 45804
B11: 3日目 | C11: 44106 | E11: 45282 | F11: 45533 | G11: 45805
B12: 4日目 | E12: 45315 | F12: 45534 | G12: 45875
B13: 5日目 | E13: 45324 | F13: 45546 | G13: 45880
B14: 6日目 | E14: 45327 | F14: 45694 | G14: 45881
B15: 7日目 | E15: 45328 | F15: 45755 | G15: 45909
B16: 8日目 | E16: 45329 | F16: 45770 | G16: 45910
B17: 9日目 | E17: 45434 | F17: 45771
B18: 10日目
B19: 11日目
B20: 12日目
B21: 13日目
B22: 14日目
B23: 15日目
B24: 16日目
B25: 17日目
B26: 18日目
B27: 19日目
B28: 20日目
A29: 使用日数 | C29: =COUNTA(C9:C28) -> 3 | D29: =COUNTA(D9:D28) -> 2 | E29: =COUNTA(E9:E28) -> 9 | F29: =COUNTA(F9:F28) -> 9 | G29: =COUNTA(G9:G28) -> 8 | H29: =COUNTA(H9:H28) -> 0 | I29: =COUNTA(I9:I28) -> 0 | J29: =COUNTA(J9:J28) -> 0 | K29: =COUNTA(K9:K28) -> 0
A30: 残日数 | C30: =C8-C29 -> 7 | D30: =C30+D8-D29 -> 16 | E30: =D8+E8-E29 -> 14 | F30: =E8+F8-F29 -> 17 | G30: =F8+G8-G29 -> 22 | H30: =G8+H8-H29 -> 34 | I30: =I8-I29 -> 20 | J30: =J8-J29 -> 20 | K30: =K8-K29 -> 20
A31: 付与日 | C31: =C5 -> 43998 | D31: =D5 -> 44363 | E31: =E5 -> 44728 | F31: =F5 -> 45093 | G31: =G5 -> 45459 | H31: =H5 -> 45824 | I31: =I5 -> 46189 | J31: =J5 -> 46554 | K31: =K5 -> 46920
A32: 使用期限（時効2年） | C32: =C6 -> 44727 | D32: =D6 -> 45092 | E32: =E6 -> 45458 | F32: =F6 -> 45823 | G32: =G6 -> 46188 | H32: =H6 -> 46553 | I32: =I6 -> 46919 | J32: =J6 -> 47284 | K32: =K6 -> 47649
A33: ※使用期限後は残日数があっても0になるので、＼などで消して見やすくしてください。

Sheet 菊川
A1: 年次有給休暇管理簿【パート】
A2: 氏名 | B2: 菊川裕美
A3: 入社日 | B3: 44761
A5: 付与日 | C5: =DATE(YEAR($B$3),MONTH($B$3)+6,DAY($B$3)) -> 44945 | D5: =DATE(YEAR(C5)+1,MONTH(C5),DAY(C5)) -> 45310 | E5: =DATE(YEAR(D5)+1,MONTH(D5),DAY(D5)) -> 45676 | F5: =DATE(YEAR(E5)+1,MONTH(E5),DAY(E5)) -> 46041 | G5: =DATE(YEAR(F5)+1,MONTH(F5),DAY(F5)) -> 46406 | H5: =DATE(YEAR(G5)+1,MONTH(G5),DAY(G5)) -> 46771 | I5: =DATE(YEAR(H5)+1,MONTH(H5),DAY(H5)) -> 47137 | J5: =DATE(YEAR(I5)+1,MONTH(I5),DAY(I5)) -> 47502 | K5: =DATE(YEAR(J5)+1,MONTH(J5),DAY(J5)) -> 47867
A6: 使用期限（時効2年） | C6: =DATE(YEAR($C$5)+2,MONTH($C$5),DAY($C$5)-1) -> 45675 | D6: =DATE(YEAR($D$5)+2,MONTH($D$5),DAY($D$5)-1) -> 46040 | E6: =DATE(YEAR($E$5)+2,MONTH($E$5),DAY($E$5)-1) -> 46405 | F6: =DATE(YEAR($F$5)+2,MONTH($F$5),DAY($F$5)-1) -> 46770 | G6: =DATE(YEAR($G$5)+2,MONTH($G$5),DAY($G$5)-1) -> 47136 | H6: =DATE(YEAR($H$5)+2,MONTH($H$5),DAY($H$5)-1) -> 47501 | I6: =DATE(YEAR($I$5)+2,MONTH($I$5),DAY($I$5)-1) -> 47866 | J6: =DATE(YEAR($J$5)+2,MONTH($J$5),DAY($J$5)-1) -> 48231 | K6: =DATE(YEAR($K$5)+2,MONTH($K$5),DAY($K$5)-1) -> 48597
A7: 入社から経過年数 | C7: 0.5年 | D7: 1.5年 | E7: 2.5年 | F7: 3.5年 | G7: 4.5年 | H7: 5.5年 | I7: 6.5年 | J7: 7.5年 | K7: 8.5年
A8: 年次有給休暇付与日数 | C8: 10 | D8: 11 | E8: 12 | F8: 14 | G8: 16 | H8: 18 | I8: 20 | J8: 20 | K8: 20
A9: 使用日 | B9: 1日目 | C9: 44951 | D9: 45392 | E9: 45842
B10: 2日目 | C10: 44953 | D10: 45393 | E10: 45849
B11: 3日目 | C11: 45057 | D11: 45394 | E11: 45891
B12: 4日目 | C12: 45058 | D12: 45477 | E12: 46080
B13: 5日目 | C13: 45065 | D13: 45534 | E13: 46135
B14: 6日目 | C14: 45120 | D14: 45565 | E14: 46157
B15: 7日目 | C15: 45279 | D15: 45581 | E15: 46168
B16: 8日目 | C16: 45307 | D16: 45583 | E16: 46175
B17: 9日目 | C17: 45324 | D17: 45737
B18: 10日目 | C18: 45391 | D18: 45762
B19: 11日目 | D19: 45772
B20: 12日目
B21: 13日目
B22: 14日目
B23: 15日目
B24: 16日目
B25: 17日目
B26: 18日目
B27: 19日目
B28: 20日目
A29: 使用日数 | C29: =COUNTA(C9:C28) -> 10 | D29: =COUNTA(D9:D28) -> 11 | E29: =COUNTA(E9:E28) -> 8 | F29: =COUNTA(F9:F28) -> 0 | G29: =COUNTA(G9:G28) -> 0 | H29: =COUNTA(H9:H28) -> 0 | I29: =COUNTA(I9:I28) -> 0 | J29: =COUNTA(J9:J28) -> 0 | K29: =COUNTA(K9:K28) -> 0
A30: 残日数 | C30: =C8-C29 -> 0 | D30: =D8-D29 -> 0 | E30: =E8-E29 -> 4 | F30: =E30+F8-F29 -> 18 | G30: =F8+G8-G29 -> 30 | H30: =G8+H8-H29 -> 34 | I30: =H8+I8-I29 -> 38 | J30: =I8+J8-J29 -> 40 | K30: =J8+K8-K29 -> 40
A31: 付与日 | C31: =C5 -> 44945 | D31: =D5 -> 45310 | E31: =E5 -> 45676 | F31: =F5 -> 46041 | G31: =G5 -> 46406 | H31: =H5 -> 46771 | I31: =I5 -> 47137 | J31: =J5 -> 47502 | K31: =K5 -> 47867
A32: 使用期限（時効2年） | C32: =C6 -> 45675 | D32: =D6 -> 46040 | E32: =E6 -> 46405 | F32: =F6 -> 46770 | G32: =G6 -> 47136 | H32: =H6 -> 47501 | I32: =I6 -> 47866 | J32: =J6 -> 48231 | K32: =K6 -> 48597
A33: ※使用期限後は残日数があっても0になるので、＼などで消して見やすくしてください。

Sheet 畑野
A1: 年次有給休暇管理簿【フルタイム】
A2: 氏名 | B2: 畑野 浩次
A3: 入社日 | B3: 45817
A5: 付与日 | C5: =DATE(YEAR($B$3),MONTH($B$3)+6,DAY($B$3)) -> 46000 | D5: =DATE(YEAR(C5)+1,MONTH(C5),DAY(C5)) -> 46365 | E5: =DATE(YEAR(D5)+1,MONTH(D5),DAY(D5)) -> 46730 | F5: =DATE(YEAR(E5)+1,MONTH(E5),DAY(E5)) -> 47096 | G5: =DATE(YEAR(F5)+1,MONTH(F5),DAY(F5)) -> 47461 | H5: =DATE(YEAR(G5)+1,MONTH(G5),DAY(G5)) -> 47826 | I5: =DATE(YEAR(H5)+1,MONTH(H5),DAY(H5)) -> 48191 | J5: =DATE(YEAR(I5)+1,MONTH(I5),DAY(I5)) -> 48557 | K5: =DATE(YEAR(J5)+1,MONTH(J5),DAY(J5)) -> 48922
A6: 使用期限（時効2年） | C6: =DATE(YEAR($C$5)+2,MONTH($C$5),DAY($C$5)-1) -> 46729 | D6: =DATE(YEAR($D$5)+2,MONTH($D$5),DAY($D$5)-1) -> 47095 | E6: =DATE(YEAR($E$5)+2,MONTH($E$5),DAY($E$5)-1) -> 47460 | F6: =DATE(YEAR($F$5)+2,MONTH($F$5),DAY($F$5)-1) -> 47825 | G6: =DATE(YEAR($G$5)+2,MONTH($G$5),DAY($G$5)-1) -> 48190 | H6: =DATE(YEAR($H$5)+2,MONTH($H$5),DAY($H$5)-1) -> 48556 | I6: =DATE(YEAR($I$5)+2,MONTH($I$5),DAY($I$5)-1) -> 48921 | J6: =DATE(YEAR($J$5)+2,MONTH($J$5),DAY($J$5)-1) -> 49286 | K6: =DATE(YEAR($K$5)+2,MONTH($K$5),DAY($K$5)-1) -> 49651
A7: 入社から経過年数 | C7: 0.5年 | D7: 1.5年 | E7: 2.5年 | F7: 3.5年 | G7: 4.5年 | H7: 5.5年 | I7: 6.5年 | J7: 7.5年 | K7: 8.5年
A8: 年次有給休暇付与日数 | C8: 10 | D8: 11 | E8: 12 | F8: 14 | G8: 16 | H8: 18 | I8: 20 | J8: 20 | K8: 20
A9: 使用日 | B9: 1日目 | C9: 46069
B10: 2日目 | C10: 46083
B11: 3日目 | C11: 46104
B12: 4日目 | C12: 46133
B13: 5日目 | C13: 46162
B14: 6日目 | C14: 46163
B15: 7日目
B16: 8日目
B17: 9日目
B18: 10日目
B19: 11日目
B20: 12日目
B21: 13日目
B22: 14日目
B23: 15日目
B24: 16日目
B25: 17日目
B26: 18日目
... B28: 20日目
A29: 使用日数 | C29: =COUNTA(C9:C28) -> 6 | D29: =COUNTA(D9:D28) -> 0 | E29: =COUNTA(E9:E28) -> 0 | F29: =COUNTA(F9:F28) -> 0 | G29: =COUNTA(G9:G28) -> 0 | H29: =COUNTA(H9:H28) -> 0 | I29: =COUNTA(I9:I28) -> 0 | J29: =COUNTA(J9:J28) -> 0 | K29: =COUNTA(K9:K28) -> 0
A30: 残日数 | C30: =C8-C29 -> 4 | D30: =D8-D29 -> 11 | E30: =E8-E29 -> 12 | F30: =F8-F29 -> 14 | G30: =G8-G29 -> 16 | H30: =H8-H29 -> 18 | I30: =I8-I29 -> 20 | J30: =J8-J29 -> 20 | K30: =K8-K29 -> 20
A31: 付与日 | C31: =C5 -> 46000 | D31: =D5 -> 46365 | E31: =E5 -> 46730 | F31: =F5 -> 47096 | G31: =G5 -> 47461 | H31: =H5 -> 47826 | I31: =I5 -> 48191 | J31: =J5 -> 48557 | K31: =K5 -> 48922
A32: 使用期限（時効2年） | C32: =C6 -> 46729 | D32: =D6 -> 47095 | E32: =E6 -> 47460 | F32: =F6 -> 47825 | G32: =G6 -> 48190 | H32: =H6 -> 48556 | I32: =I6 -> 48921 | J32: =J6 -> 49286 | K32: =K6 -> 49651
A33: ※使用期限後は残日数があっても0になるので、＼などで消して見やすくしてください。

Sheet 濱津
A1: 年次有給休暇管理簿【パート】
A2: 氏名 | B2: 濱津紀子
A3: 入社日 | B3: 46027
A5: 付与日 | C5: =DATE(YEAR($B$3),MONTH($B$3)+6,DAY($B$3)) -> 46208 | D5: =DATE(YEAR(C5)+1,MONTH(C5),DAY(C5)) -> 46573 | E5: =DATE(YEAR(D5)+1,MONTH(D5),DAY(D5)) -> 46939 | F5: =DATE(YEAR(E5)+1,MONTH(E5),DAY(E5)) -> 47304 | G5: =DATE(YEAR(F5)+1,MONTH(F5),DAY(F5)) -> 47669 | H5: =DATE(YEAR(G5)+1,MONTH(G5),DAY(G5)) -> 48034 | I5: =DATE(YEAR(H5)+1,MONTH(H5),DAY(H5)) -> 48400 | J5: =DATE(YEAR(I5)+1,MONTH(I5),DAY(I5)) -> 48765 | K5: =DATE(YEAR(J5)+1,MONTH(J5),DAY(J5)) -> 49130
A6: 使用期限（時効2年） | C6: =DATE(YEAR($C$5)+2,MONTH($C$5),DAY($C$5)-1) -> 46938 | D6: =DATE(YEAR($D$5)+2,MONTH($D$5),DAY($D$5)-1) -> 47303 | E6: =DATE(YEAR($E$5)+2,MONTH($E$5),DAY($E$5)-1) -> 47668 | F6: =DATE(YEAR($F$5)+2,MONTH($F$5),DAY($F$5)-1) -> 48033 | G6: =DATE(YEAR($G$5)+2,MONTH($G$5),DAY($G$5)-1) -> 48399 | H6: =DATE(YEAR($H$5)+2,MONTH($H$5),DAY($H$5)-1) -> 48764 | I6: =DATE(YEAR($I$5)+2,MONTH($I$5),DAY($I$5)-1) -> 49129 | J6: =DATE(YEAR($J$5)+2,MONTH($J$5),DAY($J$5)-1) -> 49494 | K6: =DATE(YEAR($K$5)+2,MONTH($K$5),DAY($K$5)-1) -> 49860
A7: 入社から経過年数 | C7: 0.5年 | D7: 1.5年 | E7: 2.5年 | F7: 3.5年 | G7: 4.5年 | H7: 5.5年 | I7: 6.5年 | J7: 7.5年 | K7: 8.5年
A8: 年次有給休暇付与日数 | C8: 10 | D8: 11 | E8: 12 | F8: 14 | G8: 16 | H8: 18 | I8: 20 | J8: 20 | K8: 20
A9: 使用日 | B9: 1日目
B10: 2日目
B11: 3日目
B12: 4日目
B13: 5日目
B14: 6日目
B15: 7日目
B16: 8日目
B17: 9日目
B18: 10日目
B19: 11日目
B20: 12日目
B21: 13日目
... B28: 20日目
A29: 使用日数 | C29: =COUNTA(C9:C28) -> 0 | D29: =COUNTA(D9:D28) -> 0 | E29: =COUNTA(E9:E28) -> 0 | F29: =COUNTA(F9:F28) -> 0 | G29: =COUNTA(G9:G28) -> 0 | H29: =COUNTA(H9:H28) -> 0 | I29: =COUNTA(I9:I28) -> 0 | J29: =COUNTA(J9:J28) -> 0 | K29: =COUNTA(K9:K28) -> 0
A30: 残日数 | C30: =C8-C29 -> 10 | D30: =C8+D8-D29 -> 21 | E30: =D8+E8-E29 -> 23 | F30: =E8+F8-F29 -> 26 | G30: =F8+G8-G29 -> 30 | H30: =G8+H8-H29 -> 34 | I30: =H8+I8-I29 -> 38 | J30: =I8+J8-J29 -> 40 | K30: =J8+K8-K29 -> 40
A31: 付与日 | C31: =C5 -> 46208 | D31: =D5 -> 46573 | E31: =E5 -> 46939 | F31: =F5 -> 47304 | G31: =G5 -> 47669 | H31: =H5 -> 48034 | I31: =I5 -> 48400 | J31: =J5 -> 48765 | K31: =K5 -> 49130
A32: 使用期限（時効2年） | C32: =C6 -> 46938 | D32: =D6 -> 47303 | E32: =E6 -> 47668 | F32: =F6 -> 48033 | G32: =G6 -> 48399 | H32: =H6 -> 48764 | I32: =I6 -> 49129 | J32: =J6 -> 49494 | K32: =K6 -> 49860
A33: ※使用期限後は残日数があっても0になるので、＼などで消して見やすくしてください。
